{
  "mean_agreement": 0.9333333333333332,
  "std_agreement": 0.13333333333333336,
  "n_items": 10,
  "n_seeds": 3
}