{
  "n_examples": 30,
  "coverage": 0.8,
  "defer_rate": 0.19999999999999996,
  "json_validity_rate": 1.0,
  "avg_latency_ms": 52567.634,
  "auroc": 0.75,
  "auprc": 0.8028792320425941,
  "precision": 0.0,
  "recall": 0.0,
  "f1": 0.0,
  "tn": 16,
  "fp": 0,
  "fn": 8,
  "tp": 0,
  "fpr": 0.0,
  "fnr": 1.0
}