{
  "n_examples": 30,
  "coverage": 0.0,
  "defer_rate": 1.0,
  "json_validity_rate": 1.0,
  "avg_latency_ms": 46051.111333333334,
  "auroc": 0.75,
  "auprc": 0.8028792320425941,
  "precision": 0.0,
  "recall": 0.0,
  "f1": 0.0,
  "tn": 0,
  "fp": 0,
  "fn": 0,
  "tp": 0,
  "fpr": 0.0,
  "fnr": 0.0
}